{
  "Grupo 1": [
    { "name": "AD Mérida", "icon": "ad_merida.svg", "short": "merida" },
    { "name": "Arenas Club", "icon": "arenas_club.png", "short": "arenas" },
    { "name": "Athletic Club B", "icon": "athletic_club_b.png", "short": "athletic" },
    { "name": "Barakaldo CF", "icon": "barakaldo_cf.png", "short": "barakaldo" },
    { "name": "CA Osasuna B", "icon": "ca_osasuna_b.png", "short": "osasuna" },
    { "name": "CD Arenteiro", "icon": "cd_arenteiro.png", "short": "arenteiro" },
    { "name": "CD Guadalajara", "icon": "cd_guadalajara.svg", "short": "guadalajara" },
    { "name": "CD Lugo", "icon": "cd_lugo.png", "short": "lugo" },
    { "name": "CD Tenerife", "icon": "cd_tenerife.png", "short": "tenerife" },
    { "name": "CF Talavera de la Reina", "icon": "cf_talavera_de_la_reina.png", "short": "talavera" },
    { "name": "CP Cacereño", "icon": "cp_cacereno.png", "short": "cacereno" },
    { "name": "Ourense CF", "icon": "ourense_cf.png", "short": "ourense" },
    { "name": "Pontevedra CF", "icon": "pontevedra_cf.svg", "short": "pontevedra" },
    { "name": "Racing Club Ferrol", "icon": "racing_club_ferrol.svg", "short": "ferrol" },
    { "name": "RC Celta Fortuna", "icon": "rc_celta_fortuna.png", "short": "celta" },
    { "name": "Real Avilés Industrial", "icon": "real_aviles_industrial.svg", "short": "aviles" },
    { "name": "Real Madrid Castilla", "icon": "real_madrid_castilla.png", "short": "castilla" },
    { "name": "SD Ponferradina", "icon": "sd_ponferradina.svg", "short": "ponferradina" },
    { "name": "Unionistas de Salamanca CF", "icon": "unionistas_de_salamanca_cf.png", "short": "salamanca" },
    { "name": "Zamora CF", "icon": "zamora_cf.png", "short": "zamora" }
  ],
  "Grupo 2": [
    { "name": "AD Alcorcón", "icon": "ad_alcorcon.png", "short": "alcorcon" },
    { "name": "Algeciras CF", "icon": "algeciras_cf.png", "short": "algeciras" },
    { "name": "Atlético Sanluqueño CF", "icon": "atletico_sanluqueno_cf.png", "short": "sanluqueno" },
    { "name": "Antequera CF", "icon": "antequera_cf.png", "short": "antequera" },
    { "name": "Betis Deportivo Balompié", "icon": "betis_deportivo_balompie.png", "short": "betis" },
    { "name": "Atlético Madrid B", "icon": "atletico_madrid_b.png", "short": "atletico" },
    { "name": "CD Eldense", "icon": "cd_eldense.png", "short": "eldense" },
    { "name": "CD Teruel", "icon": "cd_teruel.png", "short": "teruel" },
    { "name": "CE Europa", "icon": "ce_europa.png", "short": "europa" },
    { "name": "CE Sabadell FC", "icon": "ce_sabadell_fc.png", "short": "sabadell" },
    { "name": "FC Cartagena", "icon": "fc_cartagena.png", "short": "cartagena" },
    { "name": "Gimnàstic de Tarragona", "icon": "gimnastic_de_tarragona.png", "short": "tarragona" },
    { "name": "Hércules CF", "icon": "hercules_cf.png", "short": "hercules" },
    { "name": "Juventud Torremolinos CF", "icon": "juventud_torremolinos_cf.png", "short": "torremolinos" },
    { "name": "Marbella FC", "icon": "marbella_fc.png", "short": "marbella" },
    { "name": "Real Murcia CF", "icon": "real_murcia_cf.png", "short": "murcia" },
    { "name": "SD Tarazona", "icon": "sd_tarazona.png", "short": "tarazona" },
    { "name": "Sevilla Atlético", "icon": "sevilla_atletico.png", "short": "sevilla" },
    { "name": "UD Ibiza", "icon": "ud_ibiza.png", "short": "ibiza" },
    { "name": "Villarreal CF B", "icon": "villarreal_cf_b.png", "short": "villarreal" }
  ]
}
